Rank,Song ID,Nominator,Song,Artist,Music,Video,Remy,marcopolo,Quin,Fizzy04,Haddock,NeonSpecter,RB Gadgets,Oona,Wisp,Kasumi,Selene,tommyright,Desmond,Miro,ChainFox,PatPat,Solenne,Mr Frostbyte,Vesper,XxTengu,Mochi Tanaka,Capsule,Cobalt,OrinMagnus,oct,lazr,Zesty,Bram,vinnyk914,Righto,wuw,Theo,Average,Total
1,ID28,"lazr, wuw",Enchanted,Taylor Swift,https://youtu.be/vv3um0BlygY,https://youtu.be/vv3um0BlygY,8,8,9,9,4,8,8,8,10,8.5,10,8.5,8.5,11,6,10,8,8.5,7,9,9,8,6.5,9,10,11,7,6.5,8.5,10,11,10,8.55,273.5
2,ID27,"Remy, NeonSpecter, XxTengu, lazr",You Belong with Me,Taylor Swift,https://youtu.be/VuNIsY6JdUw,https://youtu.be/VuNIsY6JdUw,9.5,9,9,8.5,7,8.5,8,9,5,10,9,7.5,4.5,9,5,9.5,8.5,8.5,8,8.5,9,9,9,11,10,10,9,7,11,9.5,9,8,8.53,273.0
3,ID49,"NeonSpecter, RB Gadgets, PatPat, XxTengu, Cobalt","Whenever, Wherever",Shakira,https://youtu.be/weRHyjj34ZE,https://youtu.be/weRHyjj34ZE,5.5,7,7.5,7.5,9.5,11,9,10,6.5,9,9,8,4.5,10,8,9,8,7.5,10,9,9.5,8.5,10,10,10,9.5,7,11,8,5,8,5,8.34,267.0
3,ID71,tommyright,Moment 4 Life,Nicki Minaj,https://youtu.be/D7GW8TYCEG4,https://youtu.be/D7GW8TYCEG4,8.5,7.5,10,9.5,8.5,9.5,7,5,7.5,6.5,8.5,11,8.5,10,6,8.5,9,8,8,6.5,10,9.5,7.5,9,8,9.5,10,8,7,7.5,7.5,10,8.34,267.0
5,ID83,XxTengu,Crazy in Love,Beyoncé,https://youtu.be/ViwtNLUqkMY,https://youtu.be/ViwtNLUqkMY,7.5,8,8.5,9,8,10,7,10,9.5,7.5,9,8.5,5,10,9,8,8.5,8,10,8.5,9,7,8,9,9.5,9.5,6,7.5,7.5,7.5,7.5,9,8.33,266.5
6,ID29,Righto,Mine,Taylor Swift,https://youtu.be/XPBwXKgDTdE,https://youtu.be/XPBwXKgDTdE,6.5,8.5,9,9,8,9,7,7,9.5,10,8,9,4.5,10,8,8.5,9,8,8,7,8.5,9,7,10,9,9.5,7,8.5,8.5,8.5,7,8,8.25,264.0
7,ID32,Bram,Say So,Doja Cat,https://youtu.be/pok8H_KF1FA,https://youtu.be/pok8H_KF1FA,6.5,7.5,8.5,10,7.5,8.5,10,7,6.5,8,9,8,6,10,7,9.5,7.5,9.5,10,7.5,10,8,9,10,7,6.5,8,9,9,8,8,7,8.23,263.5
8,ID23,"Kasumi, tommyright, lazr",Around the World,Daft Punk,https://youtu.be/K0HSD_i2DvA,https://youtu.be/K0HSD_i2DvA,8.5,8.5,9,9.5,5,7,6,8,8,11,8.5,10,7.5,10,5,9.5,8,9,7,11,8.5,9.5,6.5,4,9,10,10,8.5,6,8,7.5,9,8.20,262.5
9,ID76,Capsule,Price Tag,Jessie J,https://youtu.be/qMxX-QOV9tI,https://youtu.be/qMxX-QOV9tI,8,7.5,9,8,9.5,9,6,8,7.5,6,7,6,6.5,10,4,8.5,8.5,8.5,10,8.5,8.5,9.5,6.5,9,8,8.5,8.5,8,10,8,9.5,9.5,8.11,259.5
10,ID22,Kasumi,Da Funk,Daft Punk,https://youtu.be/mmi60Bd4jSs,https://youtu.be/mmi60Bd4jSs,8.5,9,8,8.5,6,7,6,9,7.5,10,9,9,5.5,10,4,8,8.5,8.5,6,8.5,9,9,7,6,9,10,10,8,6,8.5,7,8.5,7.95,254.5
11,ID24,"Wisp, Righto",Love Story,Taylor Swift,https://youtu.be/8xg3vE8Ie_E,https://youtu.be/8xg3vE8Ie_E,8,10,8,9.5,6,7.5,6,11,9.5,9.5,7,6.5,7,9,5,8,7.5,7.5,6,7,9.5,7.5,5,9,7,9.5,7.5,7.5,6.5,11,5.5,9.5,7.83,250.5
12,ID08,marcopolo,The A Team,Ed Sheeran,https://youtu.be/UAWcs5H-qgQ,https://youtu.be/UAWcs5H-qgQ,7,11,7.5,8.5,7,8,7,7,9.5,7,9,9.5,8.5,8,7,7,8,7,4,8.5,8.5,8,8,3,7.5,8,10,8,6.5,7.5,7,9,7.72,247.0
13,ID80,"RB Gadgets, tommyright",Best Part,H.E.R.,https://youtu.be/vBy7FaapGRo,https://youtu.be/vBy7FaapGRo,4,7,8,9,8.5,7.5,9,9,8,7,5,10,5,10,7,7.5,8,8,8,7.5,8.5,9,8,10,8,9,7,7.5,9,6,6.5,5,7.70,246.5
14,ID84,"Miro, ChainFox, oct",Déjà Vu,Beyoncé,https://youtu.be/RQ9BWndKEgs,https://youtu.be/RQ9BWndKEgs,5,8.5,9,8.5,7.5,9,8,7,8.5,6.5,8,9,5.5,10,9,7.5,8,6.5,9,7.5,9.5,7,6.5,9,10,8,6.5,9,7,6,2.5,7.5,7.69,246.0
15,ID07,"PatPat, Cobalt, OrinMagnus",Bichota,Karol G,https://youtu.be/QaXhVryxVBk,https://youtu.be/QaXhVryxVBk,5.5,6.5,8.5,6,6,9,9,10,8,4.5,8.5,8,9,10,4,9,8.5,9,9,8,7.5,8,11,10,8,6,9.5,9,6.5,5,6,3,7.67,245.5
16,ID30,"Haddock, Desmond, lazr",End Game,"Taylor Swift, Ed Sheeran & Future",https://youtu.be/dfnCAmr569k,https://youtu.be/dfnCAmr569k,6,5.5,10,7.5,10,7.5,9,10,5.5,9.5,8,7.5,6,9,5,7.5,8.5,8,6,6,7,9,8.5,4,6,10,7.5,9,7.5,8,7.5,8.5,7.64,244.5
16,ID72,XxTengu,Sign of the Times,Harry Styles,https://youtu.be/qN4ooNx77u0,https://youtu.be/qN4ooNx77u0,7.5,10,6.5,8,7.5,9.5,6,5,11,7,7.5,10,3,10,7,8,8,9,8,8.5,6.5,9,7.5,7,6.5,10,9,6.5,7,8,4,6.5,7.64,244.5
18,ID19,lazr,Live While We're Young,One Direction,https://youtu.be/AbPED9bisSc,https://youtu.be/AbPED9bisSc,8,6.5,6,7.5,7.5,8.5,6,5,7,7.5,8.5,7.5,4,10,8,8,6,8.5,10,6,6.5,7.5,7.5,7,6,10,9,7,10,9,8.5,10,7.63,244.0
19,ID31,"OrinMagnus, Righto",Bad Blood,"Taylor Swift, Kendrick Lamar",https://youtu.be/QcIy9NiNbmo,https://youtu.be/QcIy9NiNbmo,7,7,9,8.5,8,7,8,8,10,8,7,9,4,8,5,7,8.5,8.5,6,7,8,8,8,10,9,8.5,5,8.5,7,9.5,2.5,9,7.61,243.5
20,ID03,"Fizzy04, Selene",Holiday,Madonna,https://youtu.be/5Rswx2Z7SDw,https://youtu.be/5Rswx2Z7SDw,6.5,9,7,9,6,8,6,9,9,7,10,8.5,7,10,7,9,8.5,7.5,8,7.5,8.5,7.5,7,5,6,8.5,8,7,8.5,5.5,3,8.5,7.58,242.5
21,ID05,"Wisp, ChainFox",APES**T,The Carters,https://youtu.be/4zqe4IzqAdo,https://youtu.be/4zqe4IzqAdo,7.5,7.5,7,7.5,7,8.5,7,6,8.5,7.5,7,7,5.5,8,8,8.5,9,9,8,7.5,8,7.5,6.5,5,6,9.5,10,8,7.5,5.5,7,10,7.56,242.0
21,ID47,"Fizzy04, Capsule",bad guy,Billie Eilish,https://youtu.be/DyDfgMOUjCI,https://youtu.be/DyDfgMOUjCI,6.5,7.5,11,10,8,8,7,7,6,7,9,8.5,5,10,7,7.5,7.5,7.5,6,7,5,9.5,7.5,4,6.5,7.5,10,6,7,8,9,9,7.56,242.0
23,ID62,"NeonSpecter, PatPat",Video Games,Lana Del Rey,https://youtu.be/cE6wxDqdOV0,https://youtu.be/cE6wxDqdOV0,6.5,7,8,4,5,10,9,7,7,5.5,5,6.5,7.5,9,7,11,7.5,9,8,8,6.5,9.5,8,10,7.5,7.5,10,7.5,7,7,7,4,7.47,239.0
23,ID66,"wuw, Theo",Hotline Bling,Drake,https://youtu.be/uxpDa-c-4Mc,https://youtu.be/uxpDa-c-4Mc,8.5,8,6.5,7.5,8,7,6,5,8.5,6,7,7.5,4,10,6,8.5,8,7.5,10,7,7,7.5,6.5,8,8,8.5,8,8,7,4,10,10,7.47,239.0
25,ID46,wuw,ocean eyes,Billie Eilish,https://youtu.be/viimfQi_pUw,https://youtu.be/viimfQi_pUw,6,6.5,10,8,8.5,8.5,6,7,6.5,6,10,8,2.5,9,9,8.5,8.5,6,8,7.5,7.5,9.5,6.5,4,5,8.5,7,7.5,8,7,10,8,7.45,238.5
25,ID74,"Vesper, OrinMagnus, oct",Hollaback Girl,Gwen Stefani,https://youtu.be/Kgjkth6BRRY,https://youtu.be/Kgjkth6BRRY,5,8,7.5,8,11,7,6,5,8,5,8.5,8.5,7,10,6,6.5,6.5,9,10,6,7.5,8,6,10,11,7,7.5,7.5,6.5,4,7,8,7.45,238.5
25,ID86,Haddock,Pon de Replay,Rihanna,https://youtu.be/oEauWw9ZGrA,https://youtu.be/oEauWw9ZGrA,7.5,7.5,8.5,7,9,7,7,8,7.5,5,8,8.5,7,8,4,7.5,8,7.5,7,7,8,7.5,9,8,7,8.5,8.5,7,7.5,7,6.5,7.5,7.45,238.5
28,ID61,"NeonSpecter, Righto",The Way,Ariana Grande,https://youtu.be/_sV0S8qWSy0,https://youtu.be/_sV0S8qWSy0,8,3.5,10,8,7.5,10,6,7,6.5,6.5,8.5,6,7,7,6,7,7,6.5,9,8.5,7,7.5,6,6,6,10,7.5,8,7,9,8.5,9.5,7.42,237.5
29,ID25,oct,One More Time,Daft Punk,https://youtu.be/A2VpR8HahKc,https://youtu.be/A2VpR8HahKc,7.5,8,8,9,6.5,6.5,6,7,9.5,8.5,8,7.5,6.5,8,5,7,8,8.5,6,7.5,8,8.5,5.5,4,10,9,8,8,6.5,7,5,9,7.41,237.0
29,ID77,"Remy, vinnyk914",Bang Bang,"Jessie J, Ariana Grande, Nicki Minaj",https://youtu.be/0HDdjwpPM3Y,https://youtu.be/0HDdjwpPM3Y,7.5,2,9.5,7,6,9.5,6,9,7,8,7,5,3.5,4,7,8,8,6.5,10,10,8.5,7,6,9,8.5,10,4,9,10,7.5,8,9,7.41,237.0
31,ID26,"Fizzy04, Miro",Digital Love,Daft Punk,https://youtu.be/mjli3hj0ZkM,https://youtu.be/mjli3hj0ZkM,6.5,8,8,11,6,6.5,7,6,8,9,7.5,7,7.5,10,5,8.5,7.5,8,6,6.5,7.5,7.5,6,4,8,9,8.5,8,7.5,7,6,8,7.39,236.5
31,ID85,"Kasumi, Mr Frostbyte, Vesper, Capsule",Dog Days Are Over,Florence + the Machine,https://youtu.be/PGrx6etMl0w,https://youtu.be/PGrx6etMl0w,4.5,6.5,6,7.5,6.5,7.5,8,7,8,8,8,6,6,10,6,7.5,7,11,9,6.5,10,11,8,10,7,6,10,8,7,6.5,3.5,3,7.39,236.5
33,ID34,"Remy, Theo",Just the Way You Are,Bruno Mars,https://youtu.be/LjhCEhWiKXk,https://youtu.be/LjhCEhWiKXk,10,7,7,9,8,5,8,8,8,4.5,5,6,3.5,10,5,9,7.5,9.5,9,6.5,8.5,8,6,9,8,4.5,9,8,8,4,6.5,11,7.38,236.0
33,ID45,marcopolo,The Hills,The Weeknd,https://youtu.be/yzTuBuRdAyA,https://youtu.be/yzTuBuRdAyA,7.5,8.5,7,7.5,9,7,9,7,9.5,6.5,9,8,4,10,7,7,7.5,6.5,8,8.5,8,8.5,7,7,9.5,8.5,1,6,6.5,6,4,10,7.38,236.0
35,ID79,oct,Good as Hell,Lizzo,https://youtu.be/SmbmeOgWsqE,https://youtu.be/SmbmeOgWsqE,5,6,9.5,8,6.5,6.5,6,8,7,7.5,10,8,5,10,5,6.5,8.5,8,7,7,7.5,8.5,5.5,5,10,9,8,7,6.5,6,6.5,10,7.33,234.5
36,ID38,"Haddock, Mr Frostbyte, XxTengu, Bram",Same Damn Time,Future,,,8.5,8.5,8.5,6.5,8,9.5,8,8,5,8,7,7,4.5,7,5,5.5,8,10,6,8.5,8,7.5,4,7,8,9,8,9,8,5.5,6,7,7.31,234.0
36,ID50,"Haddock, Solenne, OrinMagnus, Selene",Hips Don't Lie,Shakira,https://youtu.be/DUT5rEU6pqM,https://youtu.be/DUT5rEU6pqM,3,4,8,7,9,7.5,7,9,8.5,8,8,4,5.5,10,8,9,11,8,6,7,8,8.5,9,8,8,6.5,7.5,8.5,7.5,6,5,4,7.31,234.0
38,ID60,Selene,Royals,Lorde,https://youtu.be/LFasFq4GJYM,https://youtu.be/LFasFq4GJYM,7.5,7,8.5,8,7.5,8.5,6,8,6,6.5,10,8,5.5,10,6,7,8,7.5,8,6,7.5,7,7.5,8,7,6,7.5,6,8.5,7,6,6,7.30,233.5
39,ID64,"Miro, Mochi Tanaka",Started from the Bottom,Drake,https://youtu.be/RubBzkZzpUA,https://youtu.be/RubBzkZzpUA,7,7.5,8,7,8,6.5,6,5,9,6.5,6.5,8.5,8,10,6,7,7,8,6,7,9,7,7,7,7.5,9,7.5,9,7.5,4,4,9,7.25,232.0
40,ID63,Theo,Headlines,Drake,https://youtu.be/cimoNqiulUE,https://youtu.be/cimoNqiulUE,6.5,6,7,7,9,8,6,6,5,7,6,7.5,6.5,10,4,8,7,8,9,7.5,8,7,7.5,7,8,8,7.5,8,8,5,6.5,9,7.20,230.5
41,ID33,PatPat,Need to Know,Doja Cat,https://youtu.be/dI3xkL7qUAc,https://youtu.be/dI3xkL7qUAc,7,7,7,7,8.5,8,8,7,6,6,9,6.5,7.5,9,6,10,7,6.5,9,7.5,7.5,7,8.5,7,5,7,6.5,8,6,6.5,7,4.5,7.19,230.0
42,ID36,"Haddock, Solenne, Vesper",Mask Off,Future,https://youtu.be/xvZqHgFz51I,https://youtu.be/xvZqHgFz51I,6.5,7,6.5,7,10,9,9,8,6,5.5,8,3.5,5.5,10,7,5,8,7.5,10,9,7.5,7.5,9,3,5,9,6,7,7,6.5,9,5,7.17,229.5
43,ID06,Solenne,SUMMER,The Carters,https://youtu.be/UOFg7Eb01AA,https://youtu.be/UOFg7Eb01AA,7.5,6.5,7.5,6,7,8.5,8,7,7.5,6,7,6,5.5,7,8,9,8,7,7,8,5,8,7,8,6,8,8,8,7.5,7,7,5.5,7.16,229.0
44,ID59,PatPat,All the Stars,"Kendrick Lamar, SZA",https://youtu.be/JQbjS0_ZfJ0,https://youtu.be/JQbjS0_ZfJ0,7.5,7,9,7.5,9,8,9,7,7.5,8.5,4,8,4.5,7,6,9,6.5,8,10,7,7.5,9,8.5,10,8,2,3,6,8,7,4.5,5,7.14,228.5
45,ID09,"NeonSpecter, Solenne, Zesty",Lego House,Ed Sheeran,https://youtu.be/c4BLVznuWnU,https://youtu.be/c4BLVznuWnU,8,9,7.5,7,7,8,6,8,6.5,7.5,8.5,9,7.5,8,4,6.5,8,7.5,4,7,6.5,7.5,5.5,3,7,6,10,8,6.5,7,7.5,9,7.13,228.0
46,ID43,"RB Gadgets, Solenne, wuw",Draco,Future,,,5.5,9.5,8,5,8,8.5,10,8,10,6,6,4.5,8.5,8,6,6,8.5,8,7,6,5.5,7.5,4,2,8,10,7.5,8,6.5,6,9.5,5,7.08,226.5
46,ID73,"tommyright, Cobalt",Me Porto Bonito,Bad Bunny,https://youtu.be/saGYMhApaH8,https://youtu.be/saGYMhApaH8,7,5.5,7,7,9,9,6,3,6.5,7,8,9,4,10,6,6,8,7.5,8,8,8,7.5,9.5,7,8,6.5,6,7,9,7,2.5,7,7.08,226.5
48,ID81,marcopolo,New Rules,Dua Lipa,https://youtu.be/k2qgadSvNyU,https://youtu.be/k2qgadSvNyU,6.5,8.5,7.5,6,7,6,7,7,7.5,7,8,7.5,3.5,6,5,6,7.5,7,10,6,7.5,7,8.5,7,9,6,6,8,8,7,6,9,7.05,225.5
49,ID56,"Fizzy04, ChainFox, Mr Frostbyte, vinnyk914",King Kunta,Kendrick Lamar,https://youtu.be/hRK7PVJFbS8,https://youtu.be/hRK7PVJFbS8,6.5,8,8,10,8.5,5,8,5,6.5,8.5,4,6.5,5.5,10,8,7.5,8,9.5,5,8,5.5,8,4,8,8,8.5,8,9,7.5,5,2.5,4,7.00,224.0
50,ID65,wuw,"Hold On, We're Going Home",Drake,https://youtu.be/GxgqpCdOKak,https://youtu.be/GxgqpCdOKak,8.5,5,6.5,7,7.5,7.5,6,6,6,6,7,6.5,6.5,9,5,7.5,7,8,8,7.5,7.5,6.5,6,6,6,6.5,7,6,7.5,6,10,10,6.97,223.0
51,ID11,"Wisp, Mochi Tanaka, Zesty",Don't,Ed Sheeran,https://youtu.be/3TqGEbROFd4,https://youtu.be/3TqGEbROFd4,5,9,7,7.5,6,6.5,6,6,6.5,5.5,7.5,9.5,7,6,5,7.5,8,7.5,5,7,9.5,7.5,8,3,6,6,10,7,6.5,6.5,6,9.5,6.89,220.5
51,ID67,Theo,Passionfruit,Drake,https://youtu.be/COz9lDCFHjw,https://youtu.be/COz9lDCFHjw,8,7,6.5,8,8,6.5,6,5,7,6.5,6,7,7.5,8,5,6,7,8.5,8,8,8,7,6,6,8.5,5.5,7,7,7,4,5,10,6.89,220.5
53,ID02,Selene,You're Still the One,Shania Twain,https://youtu.be/KNZH-emehxA,https://youtu.be/KNZH-emehxA,6.5,4.5,8,6,5,9,6,7,7.5,6,11,7,7.5,10,6,6.5,7,7.5,6,7.5,6.5,7.5,7.5,7,6,7,6,7,7,6,3.5,7.5,6.88,220.0
53,ID82,Mochi Tanaka,One Call Away,Charlie Puth,https://youtu.be/BxuY9FET9Y4,https://youtu.be/BxuY9FET9Y4,6,7.5,4,8,7,7,6,6,7.5,4,7.5,7,11,10,5,7,7,6.5,7,6.5,9.5,7.5,6,5,7,8.5,6.5,8,6.5,5,4.5,8.5,6.88,220.0
55,ID68,Theo,God's Plan,Drake,https://youtu.be/xpVfcZ0ZcFM,https://youtu.be/xpVfcZ0ZcFM,7.5,7.5,7.5,7,8.5,7.5,6,5,6,7.5,7,7.5,4.5,6,4,8,7,8,8,7.5,6,7,7,7,7,4,8,7.5,7,5,6.5,10,6.86,219.5
56,ID04,"Fizzy04, Zesty",Lucky Star,Madonna,https://youtu.be/ThHz9wlBeLU,https://youtu.be/ThHz9wlBeLU,6,9,7,8,5,7.5,7,5,10,6.5,7,7.5,7.5,8,6,7.5,7.5,7.5,6,6,7.5,8,5.5,2,7,7,11,8,7,6.5,2,6,6.84,219.0
57,ID87,Capsule,LOYALTY.,"Rihanna, Kendrick Lamar",https://youtu.be/Dlh-dzB2U4Y,https://youtu.be/Dlh-dzB2U4Y,4,7,8.5,6.5,7.5,7.5,8,9,7.5,6.5,8,7,6.5,10,5,6.5,8,7.5,8,8,7,9.5,5.5,9,9,5,4,6,7,3,2.5,3,6.78,217.0
57,ID88,LilacLounge,Maybe It's Time,Bradley Cooper,,,7.5,5.5,7.5,6,5,7,7,4,4,6.5,8,8,7,5,4,6.5,7,6.5,10,6.5,6.5,8.5,7,8,5,8,8,9,8,8,5.5,7,6.78,217.0
59,ID51,ChainFox,"Bitch, Don't Kill My Vibe",Kendrick Lamar,https://youtu.be/GF8aaTu2kg0,https://youtu.be/GF8aaTu2kg0,5.5,8,7,8,7,6.5,7,6,6,9.5,6,9.5,6,10,8,7,7,8,5,7.5,7.5,8.5,5,3,7,6.5,7,8,6.5,6,2,4,6.73,215.5
60,ID70,"Vesper, Capsule",Hot n Cold,Katy Perry,https://youtu.be/kTHNpusq654,https://youtu.be/kTHNpusq654,6.5,6.5,5,7,9.5,6,6,3,5,5,5,7,7.5,8,4,7,8,7.5,11,6,9.5,10,7,8,6,7,8.5,7,7.5,3,5,6,6.72,215.0
61,ID41,Mr Frostbyte,Where Ya At,Future,,,7,6,6.5,7,6.5,8,7,8,7.5,6,6,4.5,5,8,3,7,7.5,10,6,7,6,7,6.5,3,7,5,6,7.5,9,7,7,8,6.64,212.5
62,ID18,Miro,What Makes You Beautiful,One Direction,https://youtu.be/QJO3ROT-A4E,https://youtu.be/QJO3ROT-A4E,8,7.5,7.5,6.5,8,8.5,7,6,5.5,9,7,5,8,10,4,7.5,6.5,7,5,6.5,5.5,6.5,7,1,3,9.5,6,7.5,7,4,7.5,7.5,6.63,212.0
63,ID15,"marcopolo, Zesty",deja vu,Olivia Rodrigo,https://youtu.be/cii6ruuycQA,https://youtu.be/cii6ruuycQA,7,8,7.5,5,5,7,8,7,8,8,6.5,7.5,4,5,4,7,6.5,5,5,8,6,7.5,6,7,4,8,10,7,7,6.5,5,8,6.59,211.0
64,ID54,RB Gadgets,m.A.A.d city,Kendrick Lamar,https://youtu.be/10yrPDf92hY,https://youtu.be/10yrPDf92hY,5.5,8.5,9,7.5,7,4,10,3,8.5,7.5,2,8,4,10,5,7,8,7.5,6,7.5,5.5,8.5,5.5,8,7.5,6,7.5,7,8,5,1.5,4.5,6.56,210.0
65,ID10,Zesty,Sing,Ed Sheeran,https://youtu.be/tlYcUqEPN58,https://youtu.be/tlYcUqEPN58,7,9.5,7,6,7,7,6,6,7.5,4,7,8.5,7.5,6,4,6,7.5,6.5,5,7,7.5,7.5,5,3,6,7.5,9,7,6,7,5.5,5.5,6.52,208.5
65,ID58,Miro,These Walls,Kendrick Lamar,https://youtu.be/drV0QatqbRU,https://youtu.be/drV0QatqbRU,5,8,7.5,7.5,6,6.5,10,5,8,7,2,10,4,10,6,6.5,8,7,8,6,6.5,7,7.5,5,7,1,7.5,7.5,7,4,4,6.5,6.52,208.5
67,ID01,"Selene, Cobalt",Gasolina,Daddy Yankee,https://youtu.be/CCF1_jI8Prk,https://youtu.be/CCF1_jI8Prk,6,6,6,6,6.5,7.5,6,4,8,5.5,9,9,4.5,9,6,6.5,7,8,4,5.5,6,8.5,8,6,5,6,8.5,7,6.5,6,6.5,4,6.50,208.0
67,ID20,vinnyk914,Reggaetón Lento (Bailemos),CNCO,https://youtu.be/7jpqqBX-Myw,https://youtu.be/7jpqqBX-Myw,6.5,5,6,5,6.5,7,6,6,4.5,5,8,7,6,7,4,9,6.5,7.5,7,7,5.5,7.5,7,9,7,5,9.5,6,10,5,5,5,6.50,208.0
67,ID69,"marcopolo, LilacLounge",I Kissed a Girl,Katy Perry,https://youtu.be/tAp9BKosZXs,https://youtu.be/tAp9BKosZXs,7.5,8.5,7,3,9,7,6,5,8.5,4.5,5,4,6.5,8,5,7,7.5,6,10,6.5,7,7.5,8.5,7,6,7.5,5,7,7.5,4,3,6.5,6.50,208.0
70,ID78,"Wisp, OrinMagnus",Rolling in the Deep,Adele,https://youtu.be/rYEDA3JcQqw,https://youtu.be/rYEDA3JcQqw,6.5,7.5,3,6,4,4.5,7,2,9,7,7,8,6,10,5,7,6.5,7.5,9,5.5,7,8,7.5,9,7.5,5,7,8,7,1,5,7,6.47,207.0
71,ID89,vinnyk914,Complicated,Avril Lavigne,https://youtu.be/pjrBPHjCiuI,https://youtu.be/pjrBPHjCiuI,6,2.5,6,6.5,4,9,7,3,5.5,6.5,9.5,5.5,4.5,7,4,7,7.5,6,8,7,8,8,6.5,6,5,6,8.5,10,9,6,5.5,4,6.39,204.5
72,ID44,Cobalt,Despacito,Luis Fonsi,https://youtu.be/kJQP7kiw5Fk,https://youtu.be/kJQP7kiw5Fk,6.5,6,7,2,10,7.5,6,7,3.5,6.5,7.5,8,5.5,7,3,8,6.5,8.5,7,6,5.5,7,8,7,4,7.5,7,6.5,7,5,6,2.5,6.31,202.0
73,ID37,"RB Gadgets, Desmond",Turn On the Lights,Future,,,7.5,7.5,5.5,5,5,7.5,11,6,7.5,5.5,5,4.5,8,5,4,6.5,6,8,8,6,6,7.5,5,5,5,8.5,6.5,6.5,6,7.5,5,3,6.27,200.5
73,ID53,Mochi Tanaka,Backseat Freestyle,Kendrick Lamar,https://youtu.be/EZW7et3tPuQ,https://youtu.be/EZW7et3tPuQ,6,8,7.5,3.5,5,5,8,2,8,6,3,8,6.5,9,6,4,7.5,7,8,7.5,11,7,7,5,7,6,6,7,6,4,6,3,6.27,200.5
75,ID17,"LilacLounge, Kasumi",It's Tricky,Run-DMC,https://youtu.be/l-O5IHVhWj0,https://youtu.be/l-O5IHVhWj0,9,7.5,5,2,3,7.5,8,4,6.5,8.5,6,4,3.5,6,9,6,7,7.5,9,6.5,8,8.5,8,10,6,3.5,1,7.5,7.5,6,2,4.5,6.19,198.0
76,ID39,Vesper,Honest,Future,,,8,5,5,2,6,8,7,5,8.5,5.5,6,3.5,7,10,5,6,5.5,7.5,10,6.5,6.5,7,4,4,6,8,6,7,7,6.5,2.5,5.5,6.16,197.0
77,ID21,Mochi Tanaka,In the End,Linkin Park,https://youtu.be/eVTXPUF4Oz4,https://youtu.be/eVTXPUF4Oz4,8.5,8,5.5,4,5,6,6,6,3,7.5,9.5,4,6,6,5,5.5,7,7,8,7.5,8.5,6.5,4,6,3,8.5,8.5,6.5,6,3,4.5,6,6.13,196.0
78,ID57,tommyright,Alright,Kendrick Lamar,https://youtu.be/Z-48u_uWMHY,https://youtu.be/Z-48u_uWMHY,6,7,7.5,4.5,6.5,4.5,9,2,6.5,7,3,10,4,10,7,5,6.5,7,8,7.5,6.5,7,4,6,8,5,4,7,6,5,1,6.5,6.08,194.5
79,ID52,Wisp,Money Trees,Kendrick Lamar,https://youtu.be/smqhSl0u_sI,https://youtu.be/smqhSl0u_sI,6,6.5,8,4,7,3,6,2,9,6.5,3,8.5,7,10,6,6,7.5,7.5,8,6.5,5,7,5.5,5,7,8,7.5,7,6,3,1,3.5,6.05,193.5
79,ID55,oct,i,Kendrick Lamar,https://youtu.be/8aShfolR6w8,https://youtu.be/8aShfolR6w8,4,6.5,6,7,7.5,5.5,8,6,6.5,4,1,5.5,3.5,10,6,5.5,5.5,8,7,6.5,4,8,5,8,8.5,5,7.5,7,6.5,6,3.5,5,6.05,193.5
81,ID48,"LilacLounge, ChainFox",Say My Name,Destiny's Child,https://youtu.be/sQgd6MccwZc,https://youtu.be/sQgd6MccwZc,7,3,5,7,4,6.5,8,3,8.5,4.5,5,6,3,6,11,6.5,5.5,3,10,5,9,7,5,6,6,5.5,8.5,8,7.5,5,3.5,3,5.98,191.5
82,ID42,Desmond,March Madness,Future,,,7.5,4.5,8,6.5,6,8.5,6,4,7,5,5,4.5,6.5,6,3,7,6,7.5,7,6.5,5.5,7,5,2,5,7,5,6.5,7,7,4,7,5.94,190.0
83,ID14,Remy,drivers license,Olivia Rodrigo,https://youtu.be/ZmDBbnmKpqQ,https://youtu.be/ZmDBbnmKpqQ,8.5,5,4,4,4,7,6,5,8,7.5,6.5,5.5,3.5,4,3,7.5,6,6,6,7,6.5,7,5,5,4,7,6.5,7,7,6,4,8.5,5.86,187.5
84,ID40,Desmond,Move That Dope,Future,,,7.5,5.5,7,1,6.5,7.5,6,4,8.5,5,4,3,7.5,5,4,4.5,5,6.5,10,6.5,8.5,7,3.5,3,5,7,4,8,6,6,5,3.5,5.66,181.0
85,ID35,Desmond,Low Life,Future,https://youtu.be/K_9tX4eHztY,https://youtu.be/K_9tX4eHztY,7,6,6.5,3,6,7,7,5,5.5,4.5,6,4,7.5,5,6,6,4.5,7,6,5,7,7,3,3,5,2,4,7,6.5,6.5,6,4.5,5.50,176.0
86,ID13,Mr Frostbyte,Pretty Girl,Clairo,https://youtu.be/SK3Rxo_YRgo,https://youtu.be/SK3Rxo_YRgo,5.5,4.5,6,7.5,2,6,5,5,6.5,6,2,6,7,3,6,6.5,5.5,10,3,4.5,6,7,8.5,8,6,2,8,8,5.5,4,1.5,3,5.47,175.0
87,ID12,Kasumi,Swimming Pools (Drank),Kendrick Lamar,https://youtu.be/B5YNiCfWC3A,https://youtu.be/B5YNiCfWC3A,7.5,5.5,6.5,4,5,5.5,8,2,1,9,2,7.5,4,8,6,5.5,6.5,7.5,5,6,6,7.5,5,7,6,3,1,7,5.5,3,1,7,5.34,171.0
88,ID75,"Remy, vinnyk914",Die With a Smile,"Lady Gaga, Bruno Mars",https://youtu.be/kPa7bsKwL-c,https://youtu.be/kPa7bsKwL-c,8,4,3,4,7.5,6.5,6,4,4,6,4,3,7.5,4,2,6,5,7,10,5.5,8,6.5,5.5,6,5,2,1,6.5,9,3.5,1.5,6,5.23,167.5
89,ID16,LilacLounge,Nonsense,Sabrina Carpenter,https://youtu.be/YcSP1ZUf1eQ,https://youtu.be/YcSP1ZUf1eQ,5,1,4,5,3,7,6,6,4.5,4.5,5,3,6.5,6,3,7.5,5,7.5,10,5,5,9,7.5,5,4,6,6,7,7,2,1,2,5.19,166.0
