Song ID,Nominators,Song,Artist,YouTube Music Link,YouTube Video Link,Remy,marcopolo,Quin,Fizzy04,Haddock,NeonSpecter,RB Gadgets,Oona,Wisp,Kasumi,Selene,tommyright,Desmond,Miro,ChainFox,PatPat,Solenne,Mr Frostbyte,Vesper,XxTengu,Mochi Tanaka,Capsule,Cobalt,OrinMagnus,oct,lazr,Zesty,Bram,vinnyk914,Righto,wuw,Theo,
ID01,"Selene, Cobalt",Gasolina,Daddy Yankee,https://youtu.be/CCF1_jI8Prk,https://youtu.be/CCF1_jI8Prk,,,,the build-up is kind of grating,,,,every listen made it worse,,,,super catchy,the chorus is overproduced but the flow holds up,,sorta meh,,,the key change is inoffensive,,,,,,,,,,,,,,truly annoying," "
ID02,Selene,You're Still the One,Shania Twain,https://youtu.be/KNZH-emehxA,https://youtu.be/KNZH-emehxA,,,,the flow feels flat but the bridge is well made,,,,the drop is nice,,,,,addictive,,pretty ok,,,,,,,the beat never quite takes off but the outro has some charm,,,,flow is ok,,,,,,better than I expected," "
ID03,"Fizzy04, Selene",Holiday,Madonna,https://youtu.be/5Rswx2Z7SDw,https://youtu.be/5Rswx2Z7SDw,,,,"instant add to my playlist, the harmonies go so hard",,,,the chorus makes the song,,,,"enjoyable enough, the harmonies work well",the bassline is pleasant,,liked the second verse,,,,,,,,,,,,,,the synths are pleasant and the chorus is catchy enough. Honestly the beat is fun.,,unlistenable,the bassline is huge," "
ID04,"Fizzy04, Selene",Lucky Star,Madonna,https://youtu.be/ThHz9wlBeLU,https://youtu.be/ThHz9wlBeLU,,,,the vocals grew on me and the adlibs are solid. Fun track.,,,,the harmonies feel dated and the drop drags,,,,,,,hard to have an opinion on this,,,,,,,,,,,,,,,,,way too repetitive," "
ID05,"Wisp, ChainFox",APES**T,The Carters,https://youtu.be/4zqe4IzqAdo,https://youtu.be/4zqe4IzqAdo,,,,the bassline does its job but the drop is a bit safe,,,,the mix is fine,,,,"not bad, not great",,,"one of my favorites this year, the drop is stuck in my head",,the production is ridiculously catchy but the second verse is inoffensive,,,,,,,,,catchy,,,,,,the build-up is pure joy but the mix feels generic," "
ID06,Solenne,SUMMER,The Carters,https://youtu.be/UOFg7Eb01AA,https://youtu.be/UOFg7Eb01AA,,,,"kind of a letdown, the melody drags",,,,good,,,,I get the appeal but no,,,super addictive,,,,,,,,,,,,,,the mix feels generic but the intro is pretty good. Pretty forgettable.,,,"not the Carters song I would have picked, the synths are a bit much"," "
ID07,"PatPat, Cobalt, OrinMagnus",Bichota,Karol G,https://youtu.be/QaXhVryxVBk,https://youtu.be/QaXhVryxVBk,,,,the production feels flat,,,,the vocals are gorgeous but the adlibs are neither here nor there,,,,the hook is well made and the bassline is decent,"love everything about this, the hook is so satisfying",,"a bit of a slog, the synths are weak",,the melody is better than I expected and the intro is pleasant,,,,,,,,,,,,,,,the second verse is painful and the intro is hard to sit through," "
ID08,marcopolo,The A Team,Ed Sheeran,https://youtu.be/UAWcs5H-qgQ,https://youtu.be/UAWcs5H-qgQ,,,,"such a good pick, the verse is incredible",,,,a good listen,,,,the melody though,,,kinda good,,a solid Ed Sheeran song,,,,,,,"every listen made it worse, the adlibs are unbearable. The synths are actively annoying.",,,,,,,,very addictive,"  "
ID09,"NeonSpecter, Solenne, Zesty",Lego House,Ed Sheeran,https://youtu.be/c4BLVznuWnU,https://youtu.be/c4BLVznuWnU,,,,the build-up is pretty standard. Honestly the backing vocals are neither here nor there.,,,,the production is gorgeous,,,,,,,"it does nothing for me, the adlibs drag",,,,,,,,,,,,,,,,,"one of my favorites this year, the melody is the best part"," "
ID10,Zesty,Sing,Ed Sheeran,https://youtu.be/tlYcUqEPN58,https://youtu.be/tlYcUqEPN58,,,,the outro drags,,,,the beat is neither here nor there and the outro never quite takes off,,the harmonies are unbearable and the guitar is a mess,,the hook keeps it moving and the drums are nice,,,"it does nothing for me, the adlibs drag",,,,,,,no strong feelings either way. Honestly the hook feels generic.,,,,,,,,,,kind of a letdown," "
ID11,"Wisp, MochiTanaka, Zesty",Don't,Ed Sheeran,https://youtu.be/3TqGEbROFd4,https://youtu.be/3TqGEbROFd4,,,,the drop is pretty good but the production never quite takes off,,,,a bit bland,,,,the key change though,,,"it does nothing for me, the adlibs drag",,,,,,,,,,,,,,,,,the mix carries the whole thing," "
ID12,Kasumi,Swimming Pools (Drank),Kendrick Lamar,https://youtu.be/B5YNiCfWC3A,https://youtu.be/B5YNiCfWC3A,,,,the build-up is actively annoying,,,,the bassline makes me skip,,the vocals are beautifully done but the key change blends into the background,,"hard to have an opinion on this, the production is fine",rough,mid,pretty forgettable,,the intro feels flat but the verse is better than I expected,,,,,,,,,,,,,,why the flow,fine," "
ID13,Mr Frostbyte,Pretty Girl,Clairo,https://youtu.be/SK3Rxo_YRgo,https://youtu.be/SK3Rxo_YRgo,,,,the intro is solid,really awful,,,the beat is kind of grating,,,,not the Clairo song I would have picked,good guitar,why the melody,the backing vocals are fine and the outro is just there,,,the guitar is addictive. Honestly the vocals are beautifully done.,,,,,,,,,,,,,bad verse,"the weakest Clairo song I know, the hook is the worst part"," "
ID14,Remy,drivers license,Olivia Rodrigo,https://youtu.be/ZmDBbnmKpqQ,https://youtu.be/ZmDBbnmKpqQ,,,,the outro is hard to sit through but the pre-chorus is okay,,,,too weak,,,,,,,"could not finish it, the mix is painful",,,,,,,,,,,,,,,,,really fun," "
ID15,"marcopolo, Zesty",deja vu,Olivia Rodrigo,https://youtu.be/cii6ruuycQA,https://youtu.be/cii6ruuycQA,,,,that piano...,,,,the harmonies do their job and the mix is fun,,,,bland,,,the melody feels dated,,,,,,,,,,,,,,,,,decent," "
ID16,LilacLounge,Nonsense,Sabrina Carpenter,https://youtu.be/YcSP1ZUf1eQ,https://youtu.be/YcSP1ZUf1eQ,,,,truly grating,,,,the intro doesn't do much for me but the drop is pretty good,,,,the outro is a mess,decent synths,,the drums hurt,,,the pre-chorus is inoffensive. It exists.,,,,the verse is decent but the mix feels generic. I would not skip it.,,,,too dated,,,,,the production is rough and the lyrics are grating,could not finish it," "
ID17,"LilacLounge, Kasumi",It's Tricky,Run-DMC,https://youtu.be/l-O5IHVhWj0,https://youtu.be/l-O5IHVhWj0,,,,I really do not get the hype,,,,the hook is a mess and the production is hard to sit through,,,,,,,fire,,,the drop is a bit safe and the piano is okay. The vocals are inoffensive.,,,,,,,,,,,,,truly rough,way too repetitive," "
ID18,Miro,What Makes You Beautiful,One Direction,https://youtu.be/QJO3ROT-A4E,https://youtu.be/QJO3ROT-A4E,,,,the mix is inoffensive,the outro is decent but the production doesn't do much for me,,,eh bassline,,the drop is incredible and the drop is incredible,,"bottom of my list, the piano is grating",great vocals,,the guitar gets old fast,,,,,,,,,,,,,,"no strong feelings either way, the bridge doesn't do much for me. The second verse is neither here nor there.",,the backing vocals hit every time,"better than I expected, the harmonies are catchy enough"," "
ID19,lazr,Live While We're Young,One Direction,https://youtu.be/AbPED9bisSc,https://youtu.be/AbPED9bisSc,,,,decent build-up,,,,weak synths,,enjoyable enough,,"not bad, not great. Honestly the adlibs are fine.",the drop ruins it and the harmonies are a mess,,the chorus carries the whole thing,,way too boring,,,,,,,,,,,,,,the drums make the song,the vocals never get old and the synths never get old," "
ID20,vinnyk914,Reggaetón Lento (Bailemos),CNCO,https://youtu.be/7jpqqBX-Myw,https://youtu.be/7jpqqBX-Myw,,,,the drums are painful. Honestly the guitar is grating.,,,,kinda safe,,,,,,,verse drags,,,,,,,,,,,,,,the bridge is pure joy but the piano is neither here nor there. The bassline makes the song.,,,the bridge is the worst part and the production ruins it,"  "
ID21,Mochi Tanaka,In the End,Linkin Park,https://youtu.be/eVTXPUF4Oz4,https://youtu.be/eVTXPUF4Oz4,,,,the production is unbearable but the hook never quite takes off,painful,,,kinda safe,,the hook is decent,,bottom of my list,,,the chorus is messy,,the pre-chorus is forgettable but the flow is well made,,,,,,,,,,,,,,weak,pretty boring," "
ID22,Kasumi,Da Funk,Daft Punk,https://youtu.be/mmi60Bd4jSs,https://youtu.be/mmi60Bd4jSs,,,,the drop is the best part and the harmonies carry the whole thing,,,,the melody makes the song but the drums are neither here nor there,,,,,,,the pre-chorus goes on too long and the key change lacks any punch,,,,,,,,,,,fun,,,,,,the outro is pure joy and the intro is the best part," "
ID23,"Kasumi, tommyright, lazr",Around the World,Daft Punk,https://youtu.be/K0HSD_i2DvA,https://youtu.be/K0HSD_i2DvA,,,,the backing vocals are so satisfying,,,,the adlibs go so hard but the bridge is just there,,simply flawless,,,,,the synths are too repetitive but the harmonies work well,,,,,,,,,,,fun,,,,,,very lovely," "
ID24,"Wisp, Righto",Love Story,Taylor Swift,https://youtu.be/8xg3vE8Ie_E,https://youtu.be/8xg3vE8Ie_E,,,,the outro is the best part and the flow is stuck in my head,,,,the intro is perfect. Nothing else came close.,,,,,,,the intro is too repetitive and the beat feels flat,,,,,,,,,,,,,,,,,"great energy start to finish, the backing vocals are addictive","  "
ID25,oct,One More Time,Daft Punk,https://youtu.be/A2VpR8HahKc,https://youtu.be/A2VpR8HahKc,,,,really elite,,,,the chorus is solid but the build-up is fine,,,the mix holds up but the adlibs are fine,,,,"it does nothing for me, the production is weak",,,,,,,,,hard pass,,,,,,,,love everything about this," "
ID26,"Fizzy04, Miro",Digital Love,Daft Punk,https://youtu.be/mjli3hj0ZkM,https://youtu.be/mjli3hj0ZkM,,,,I have had this on repeat for months,,,,the intro is pretty standard and the lyrics are a bit safe,,,,,,,the build-up feels dated but the verse is pretty good,,,,,,,,,,,,,,,,,"grew on me after a few listens, the build-up keeps it moving"," "
ID27,"Remy, NeonSpecter, XxTengu, lazr",You Belong with Me,Taylor Swift,https://youtu.be/VuNIsY6JdUw,https://youtu.be/VuNIsY6JdUw,,,,great intro,,,,love the hook,,,,,it does nothing for me,,kinda boring,,,,,,,,,the chorus is absolutely unreal,,,,,,,,the second verse grew on me and the bassline has some charm," "
ID28,"lazr, wuw",Enchanted,Taylor Swift,https://youtu.be/vv3um0BlygY,https://youtu.be/vv3um0BlygY,,,,"this one gets better every listen, the beat is stuck in my head",,,,the verse never gets old but the vocals don't do much for me,,,,,,,the melody feels dated,insanely catchy,,,,,,,,,,,,,,,the adlibs are a masterclass but the outro is pleasant,bassline goes hard," "
ID29,Righto,Mine,Taylor Swift,https://youtu.be/XPBwXKgDTdE,https://youtu.be/XPBwXKgDTdE,,,,insanely elite,,,,"a solid Taylor Swift song, the adlibs are solid",,,,,,,the intro is stuck in my head,,,,,,,the harmonies are well made and the bridge is pretty good,,,,,,,,,,quite decent,"  "
ID30,"Haddock, Desmond, lazr",End Game,"Taylor Swift, Ed Sheeran & Future",https://youtu.be/dfnCAmr569k,https://youtu.be/dfnCAmr569k,,,,solid,,,,love the bassline,,,,,,,"not really my thing, the harmonies are too repetitive",,,,,,,,,,,,,,,,,the hook goes so hard and the beat is stuck in my head," "
ID31,"OrinMagnus, Righto",Bad Blood,"Taylor Swift, Kendrick Lamar",https://youtu.be/QcIy9NiNbmo,https://youtu.be/QcIy9NiNbmo,,,,"such a good pick, the hook is addictive",,,,lovely,,,,,,,the mix is overproduced,,,,,,,,,,,,the outro is hard to sit through and the verse is a mess,,,,why the flow,the guitar hits every time but the production feels generic," "
ID32,Bram,Say So,Doja Cat,https://youtu.be/pok8H_KF1FA,https://youtu.be/pok8H_KF1FA,,,,"great energy start to finish, the guitar hits every time",,,,the bridge works well but the build-up blends into the background,,,,,,,the melody feels dated,,,,,,,,,,,,,,,,the chorus is addictive but the backing vocals are okay,the harmonies feel generic but the vocals are catchy enough," "
ID33,PatPat,Need to Know,Doja Cat,https://youtu.be/dI3xkL7qUAc,https://youtu.be/dI3xkL7qUAc,,,,the beat is okay and the mix feels generic,,,,pretty solid overall,,,,,,,the synths blend into the background. Honestly the bassline never quite takes off.,,,,,,,,,,,,,,,,,"sorry, just not good, the outro makes me skip","  "
ID34,"Remy, Theo",Just the Way You Are,Bruno Mars,https://youtu.be/LjhCEhWiKXk,https://youtu.be/LjhCEhWiKXk,,,,very gorgeous,,,,the piano is addictive,,,,,,,kinda dated,,,,,,,,,,,,,,the bassline holds up but the pre-chorus is inoffensive. The verse keeps it moving.,,,the harmonies are flawless and the intro is perfect," "
ID35,Desmond,Low Life,Future,https://youtu.be/K_9tX4eHztY,https://youtu.be/K_9tX4eHztY,,,,annoying,,,,the piano drags,,,,the key change is rough,,,"pretty forgettable, the mix is inoffensive",,,,,,,,,,,,,,,,the key change does its job,"bottom of my list, the adlibs ruin it"," "
ID36,"Haddock, Solenne, Vesper",Mask Off,Future,https://youtu.be/xvZqHgFz51I,https://youtu.be/xvZqHgFz51I,,,,the pre-chorus is okay and the key change feels generic,,,,the synths are addictive and the drop is huge,,,,,pretty meh,,the hook is better than I expected and the outro holds up,,,,,,,,,,,fun,,,,,,the hook is actively annoying but the adlibs are just there," "
ID37,"RB Gadgets, Desmond",Turn On the Lights,Future,,,,,,"hard pass, the drums are a mess",,,,"no strong feelings either way, the synths are just there",,,,,,,the chorus is weak and the hook drags,,,,,,,,,,,,,,,,,the guitar is rough but the guitar never quite takes off," "
ID38,"Haddock, Mr Frostbyte, XxTengu, Bram",Same Damn Time,Future,,,,,,the harmonies blend into the background and the second verse feels generic. The melody never quite takes off.,,,,the outro goes so hard but the synths don't do much for me,,the lyrics hold up but the second verse doesn't do much for me,,the mix never quite takes off,weak flow,,"a bit of a slog, the adlibs feel dated",,,,,,,,,,,,,,,,,the backing vocals are pretty standard and the bassline is pretty standard,"  "
ID39,Vesper,Honest,Future,,,,,,the adlibs ruin it,,,,the drop feels like filler,,,,,the hook is pretty good and the guitar keeps it moving,,weak bridge,,,,,,,,,,,fun,,,,,really grating,fine," "
ID40,Desmond,Move That Dope,Future,,,,,,the drop is the worst part and the mix is unbearable,,,,awful,,,,"bottom of my list, the lyrics are unbearable",,,the chorus is weak and the hook drags,,,,,,,,,,,fun,,,,,,grating," "
ID41,Mr Frostbyte,Where Ya At,Future,,,,,,the hook is just there but the verse is pretty good,,,,the bassline is the best part and the piano is stuck in my head,,,,,,,the chorus is weak and the hook drags,,,the second verse is ridiculously catchy and the melody is stuck in my head,,,,,,,,,,,,,,good chorus," "
ID42,Desmond,March Madness,Future,,,,,,no strong feelings either way,,,,the vocals are unbearable and the adlibs make me skip,,,,,,,the chorus is weak and the hook drags,,,the guitar is pretty standard and the harmonies feel generic. Honestly the second verse doesn't do much for me.,,,,,,,,flow is ok,,,,,,the backing vocals blend into the background and the key change blends into the background," "
ID43,"RB Gadgets, Solenne, wuw",Draco,Future,,,,,,why the drums,,,,"instant add to my playlist, the synths are ridiculously catchy",,,,,gorgeous,,the vocals are a bit safe,,liked the lyrics,,,,,,,,,,,,,,,"sorry, just not good"," "
ID44,Cobalt,Despacito,Luis Fonsi,https://youtu.be/kJQP7kiw5Fk,https://youtu.be/kJQP7kiw5Fk,,,,bottom of my list. Honestly the lyrics make me skip.,,,,the hook has some charm but the build-up doesn't do much for me,,the lyrics feel generic and the hook is pretty standard,,fairly catchy,,,the drop is grating but the bridge is a bit safe,,the pre-chorus gets old fast but the adlibs are decent,,,,,,,,,,,,,,,the intro is actively annoying but the vocals never quite take off," "
ID45,marcopolo,The Hills,The Weeknd,https://youtu.be/yzTuBuRdAyA,https://youtu.be/yzTuBuRdAyA,,,,"enjoyable enough, the pre-chorus is pretty good. I would not skip it.",,,,the second verse does its job,,,,the hook is decent but the second verse is inoffensive,,,the mix is fun,,,,,,the production is nice,,,,,,,,,,,"really glad this got nominated, the piano is huge"," "
ID46,wuw,ocean eyes,Billie Eilish,https://youtu.be/viimfQi_pUw,https://youtu.be/viimfQi_pUw,,,,kinda neat,,,,decent harmonies,,,,,the guitar is a mess and the chorus is a mess,,great beat,,,,,,,,,,,,,,,,,the hook works well," "
ID47,"Fizzy04, Capsule",bad guy,Billie Eilish,https://youtu.be/DyDfgMOUjCI,https://youtu.be/DyDfgMOUjCI,,,,"this one gets better every listen, the guitar is incredible",,,,good,,,,,weak bassline,,fun track,,,,,,,,,,,,,,,,,the chorus never gets old and the bassline is so satisfying," "
ID48,"LilacLounge, ChainFox",Say My Name,Destiny's Child,https://youtu.be/sQgd6MccwZc,https://youtu.be/sQgd6MccwZc,,,,the lyrics are a bit safe and the build-up is neither here nor there,,,,that vocals...,,,,,,,the lyrics give me chills every time but the bassline does its job. Honestly the piano lives in my head rent free.,,,the melody hurts,,,,,,,,,,,,,,the key change is painful but the drums are a bit safe," "
ID49,"NeonSpecter, RB Gadgets, PatPat, XxTengu, Cobalt","Whenever, Wherever",Shakira,https://youtu.be/weRHyjj34ZE,https://youtu.be/weRHyjj34ZE,,,,nice,,,,crazy good,,,,good harmonies,,,the synths never get old,,,,,,,,,,,,,,,,,the verse makes me skip but the production is inoffensive," "
ID50,"Haddock, Solenne, OrinMagnus, Selene",Hips Don't Lie,Shakira,https://youtu.be/DUT5rEU6pqM,https://youtu.be/DUT5rEU6pqM,,,,the synths feel generic,,,,crazy elite,,the synths do their job,,,,,instant add to my playlist,,intro of the year,,,,,the intro holds up,,,,,,,the bassline blends into the background but the drop is solid,,,the harmonies make me skip but the mix is inoffensive," "
ID51,ChainFox,"Bitch, Don't Kill My Vibe",Kendrick Lamar,https://youtu.be/GF8aaTu2kg0,https://youtu.be/GF8aaTu2kg0,,,,a good listen. Honestly the vocals are well made.,,,,the bridge is a bit safe but the second verse holds up,,,,,"pretty forgettable, the verse feels generic",,"one of my favorites this year, the verse is huge. Honestly the harmonies are incredible.",,,,,,,,,,,,,,,,why the flow,the lyrics ruin it but the hook is fine," "
ID52,Wisp,Money Trees,Kendrick Lamar,https://youtu.be/smqhSl0u_sI,https://youtu.be/smqhSl0u_sI,,,,the lyrics ruin it but the bassline is pretty standard. The production is actively annoying.,,,,the drums are a mess and the hook is rough. Honestly the build-up is unbearable.,,,,,,,meh,,,,,,,,,,,,,,,,why the flow,the outro makes me skip and the drop is unbearable," "
ID53,Mochi Tanaka,Backseat Freestyle,Kendrick Lamar,https://youtu.be/EZW7et3tPuQ,https://youtu.be/EZW7et3tPuQ,,,,the outro is unbearable and the second verse is grating,,,,why the bridge,,,,,,,the melody feels dated,,,,,,,,,,,,,,,,,just unlistenable,"  "
ID54,RB Gadgets,m.A.A.d city,Kendrick Lamar,https://youtu.be/10yrPDf92hY,https://youtu.be/10yrPDf92hY,,,,the key change is pretty good and the piano has some charm,,,,the second verse is unbearable but the intro feels generic,,,,liked the chorus,,,the melody feels dated,,,,,,,,,,,,,,,,why the flow,the beat makes me skip," "
ID55,oct,i,Kendrick Lamar,https://youtu.be/8aShfolR6w8,https://youtu.be/8aShfolR6w8,,,,alright,,,,the flow is pretty standard,,the flow is a mess but the mix feels generic,,,,,"pretty forgettable, the synths are neither here nor there",,,,,,,,,,,,,,,,way too boring,the melody is hard to sit through but the bridge is inoffensive," "
ID56,"Fizzy04, ChainFox, Mr Frostbyte, vinnyk914",King Kunta,Kendrick Lamar,https://youtu.be/hRK7PVJFbS8,https://youtu.be/hRK7PVJFbS8,,,,the second verse carries the whole thing and the piano is stuck in my head,,,,the backing vocals go on too long and the production drags,,,the flow is actively annoying but the backing vocals never quite take off,,,,the piano carries the whole thing and the melody makes the song,,,,,,,,,,,,,,hard to have an opinion on this. It exists.,,why the flow,the adlibs make me skip and the beat makes me skip," "
ID57,tommyright,Alright,Kendrick Lamar,https://youtu.be/Z-48u_uWMHY,https://youtu.be/Z-48u_uWMHY,,,,the second verse is rough but the key change is inoffensive. Honestly the chorus is the worst part.,,,,the drums ruin it,,,,,,,the bassline is solid and the second verse keeps it moving,,,,,,,,,,,,,,,,why the flow,"it is fine, the verse is okay"," "
ID58,Miro,These Walls,Kendrick Lamar,https://youtu.be/drV0QatqbRU,https://youtu.be/drV0QatqbRU,,,,the pre-chorus has some charm and the backing vocals are well made. The bassline is fun.,,,,"not really my thing, the chorus feels flat",,,,,,,the beat is just there,,,,,,,,,,,,,,,,why the flow,"sounds like a lot of things this year, the synths are okay","  "
ID59,PatPat,All the Stars,"Kendrick Lamar, SZA",https://youtu.be/JQbjS0_ZfJ0,https://youtu.be/JQbjS0_ZfJ0,,,,quite pleasant,,,,pretty solid,,,,fairly pleasant,,,the second verse is neither here nor there and the melody is okay,,,,,,,,,,,,,,,,why the flow,the drop is painful. Honestly the drop is actively annoying.," "
ID60,Selene,Royals,Lorde,https://youtu.be/LFasFq4GJYM,https://youtu.be/LFasFq4GJYM,,,,the lyrics are better than I expected,,,,"I keep coming back to this, the harmonies carry the whole thing",,,,"better than I expected, the drop grew on me",,,the production is forgettable,,the guitar is solid and the drop is pleasant,,,,,,,,,,,,reasonably fun,,,the hook drags and the piano falls flat," "
ID61,"NeonSpecter, Righto",The Way,Ariana Grande,https://youtu.be/_sV0S8qWSy0,https://youtu.be/_sV0S8qWSy0,,,,the mix is pleasant,,,,good beat,,,,kinda weak,,,ok,,,,,,,,,,,"this one gets better every listen, the melody is beautifully done",,,,,,"one of my favorites this year, the bassline never gets old"," "
ID62,"NeonSpecter, PatPat",Video Games,Lana Del Rey,https://youtu.be/cE6wxDqdOV0,https://youtu.be/cE6wxDqdOV0,,,,"bottom of my list, the backing vocals are rough",,,,I would not skip it,,,,"I wanted to like this more, the bassline lacks any punch",,,the piano is fun,perfect,,,,,,,,,,,,,,,,the piano is actively annoying and the drop ruins it," "
ID63,Theo,Headlines,Drake,https://youtu.be/cimoNqiulUE,https://youtu.be/cimoNqiulUE,,,,the bridge feels generic and the melody doesn't do much for me,,,,a bit safe,,,,,"a good listen, the mix has some charm",,harmonies drag,,,,,,,,,,,,,,,,,I keep coming back to this," "
ID64,"Miro, Mochi Tanaka",Started from the Bottom,Drake,https://youtu.be/RubBzkZzpUA,https://youtu.be/RubBzkZzpUA,,,,the guitar is forgettable and the melody is a bit safe,,,,the guitar is meh,,,,nice drums,,,just ok,,,,,,,,,,,the harmonies never get old but the guitar never quite takes off,,,,,,the hook hits every time," "
ID65,wuw,"Hold On, We're Going Home",Drake,https://youtu.be/GxgqpCdOKak,https://youtu.be/GxgqpCdOKak,,,,the synths never quite take off but the pre-chorus is pretty good,,,,pretty mid,,,,,,,drop drags,,,,,,,,,,,,,,,,,"Drake really delivered here, the production is so satisfying. The verse hits every time."," "
ID66,"wuw, Theo",Hotline Bling,Drake,https://youtu.be/uxpDa-c-4Mc,https://youtu.be/uxpDa-c-4Mc,,,,the pre-chorus is catchy enough and the bridge is better than I expected,,,,flat,,,,,,,sounds like a lot of things this year,,,,,,,,,,,flow is ok,,,,,,the hook never gets old and the lyrics go so hard," "
ID67,Theo,Passionfruit,Drake,https://youtu.be/COz9lDCFHjw,https://youtu.be/COz9lDCFHjw,,,,the bridge holds up,,,,not the harmonies,,,,,,,"not the Drake song I would have picked, the synths go on too long",,,,,,,,,,,,,,,,,that key change!!," "
ID68,Theo,God's Plan,Drake,https://youtu.be/xpVfcZ0ZcFM,https://youtu.be/xpVfcZ0ZcFM,,,,,,,,samey,,,,,,,the flow is too repetitive,,,,,,,,,,,,,,,,,the key change is incredible," "
ID69,"marcopolo, LilacLounge",I Kissed a Girl,Katy Perry,https://youtu.be/tAp9BKosZXs,https://youtu.be/tAp9BKosZXs,,,,truly awful,,,,not the vocals,,,,,nice pick,,the build-up falls flat but the backing vocals keep it moving,,,,,,,,,,,flow is ok,,,,,,the lyrics don't do much for me," "
ID70,"Vesper, Capsule",Hot n Cold,Katy Perry,https://youtu.be/kTHNpusq654,https://youtu.be/kTHNpusq654,,,,the beat blends into the background,,,,the key change is grating and the verse is unbearable,,,,,good guitar,,repetitive,,,,,,,the production is huge but the second verse is inoffensive,,,,the bassline is just there,,,,,,the verse is messy and the vocals feel like filler," "
ID71,tommyright,Moment 4 Life,Nicki Minaj,https://youtu.be/D7GW8TYCEG4,https://youtu.be/D7GW8TYCEG4,,,,the drums are incredible and the lyrics go so hard,,,,"not really my thing, the second verse feels dated",,middle of the pack for me. Honestly the build-up is fine.,,,insanely good,,the melody never quite takes off,,,,,,,the guitar is stuck in my head and the hook hits every time,,,,,,,,,,the outro is pure joy but the intro never quite takes off," "
ID72,XxTengu,Sign of the Times,Harry Styles,https://youtu.be/qN4ooNx77u0,https://youtu.be/qN4ooNx77u0,,,,the build-up has some charm and the hook is solid,,,,a bit samey,,,,,,,the intro is fun,,,,,,,,,,,,,,,,the production is overproduced and the bassline feels flat,the vocals don't do much for me but the guitar is nice," "
ID73,"tommyright, Cobalt",Me Porto Bonito,Bad Bunny,https://youtu.be/saGYMhApaH8,https://youtu.be/saGYMhApaH8,,,,a bit ok,,,,the vocals are grating but the lyrics are just there,,,,,,,sorta alright,,,,,,,,,,,,,,,,,the intro never quite takes off but the outro grew on me," "
ID74,"Vesper, OrinMagnus, oct",Hollaback Girl,Gwen Stefani,https://youtu.be/Kgjkth6BRRY,https://youtu.be/Kgjkth6BRRY,,,,a solid Gwen Stefani song,,,,the build-up feels like filler but the lyrics work well,,,,,,,the bridge blends into the background but the intro is decent,,,,,,,,,,,,,,,,,"a solid Gwen Stefani song, the flow holds up"," "
ID75,"Remy, vinnyk914",Die With a Smile,"Lady Gaga, Bruno Mars",https://youtu.be/kPa7bsKwL-c,https://youtu.be/kPa7bsKwL-c,,,,"could not finish it, the build-up ruins it",,,,the synths are actively annoying,,,,,,,why the harmonies,,,,,,,,,,,,,,,,,the mix is too repetitive," "
ID76,Capsule,Price Tag,Jessie J,https://youtu.be/qMxX-QOV9tI,https://youtu.be/qMxX-QOV9tI,,,,the production is pleasant and the outro has some charm,,,,the bassline is incredible but the outro is forgettable,,,,,,,the flow is messy,,,,,,,,,,,,,,,,,so clean," "
ID77,"Remy, vinnyk914",Bang Bang,"Jessie J, Ariana Grande, Nicki Minaj",https://youtu.be/0HDdjwpPM3Y,https://youtu.be/0HDdjwpPM3Y,,,,"sounds like a lot of things this year, the production is inoffensive",,,,"really glad this got nominated, the synths are the best part",,,,,,,the key change grew on me but the drums are forgettable,,neat,,,,,,,,,really fire,,,the hook is incredible. Honestly the pre-chorus is a highlight.,,,love the key change," "
ID78,Wisp,Rolling in the Deep,Adele,https://youtu.be/rYEDA3JcQqw,https://youtu.be/rYEDA3JcQqw,,,,not the Adele song I would have picked,,,,so unlistenable,,the synths are just there. Honestly the production is a bit safe.,,,sorta ok,,the harmonies feel like filler but the mix is catchy enough,,the piano goes on too long but the verse is well made,,,,,,,,,,,,,,,the drop is neither here nor there and the outro feels generic," "
ID79,OrinMagnus,Good as Hell,Lizzo,https://youtu.be/SmbmeOgWsqE,https://youtu.be/SmbmeOgWsqE,,,,"nice pick, the hook is solid",,,,"love everything about this, the flow is so satisfying",,,,,,,the piano is overproduced but the verse is better than I expected,,,,,,,,,,,,,,,,,the lyrics are pure joy," "
ID80,"RB Gadgets, tommyright",Best Part,H.E.R.,https://youtu.be/vBy7FaapGRo,https://youtu.be/vBy7FaapGRo,,,,that production!!,,,,"great energy start to finish, the piano is the best part",,,,,,,pleasant,,,,,,,,,,,,,,,,,the backing vocals make me skip but the pre-chorus is just there," "
ID81,marcopolo,New Rules,Dua Lipa,https://youtu.be/k2qgadSvNyU,https://youtu.be/k2qgadSvNyU,,,,"a bit of a slog, the melody goes on too long",,,,the flow is pretty good,,,,,,,the melody feels dated,,,,,,,,,,,,,,,,,clean," "
ID82,Mochi Tanaka,One Call Away,Charlie Puth,https://youtu.be/BxuY9FET9Y4,https://youtu.be/BxuY9FET9Y4,,,,the lyrics are better than I expected and the guitar is well made,,,,,,,,,the drop is untouchable,,the drums are a bit much but the outro is pleasant,,,,,,,,,,,flow is ok,,,,,,"Charlie Puth really delivered here, the bridge is the best part. The drums are gorgeous."," "
ID83,XxTengu,Crazy in Love,Beyoncé,https://youtu.be/ViwtNLUqkMY,https://youtu.be/ViwtNLUqkMY,,,,"this is a banger, the guitar never gets old",,,,the verse is ridiculously catchy and the pre-chorus is ridiculously catchy. The backing vocals are huge.,,,,,,,"great energy start to finish, the lyrics are gorgeous",,,,,,,,,,,flow is ok,,,,,,the vocals don't do much for me but the guitar is nice," "
ID84,"Miro, ChainFox, oct",Déjà Vu,Beyoncé,https://youtu.be/RQ9BWndKEgs,https://youtu.be/RQ9BWndKEgs,,,,the backing vocals are addictive but the build-up is fine,,,,,,,,,,,super clean,,,,,,,,,,,nice melody,,,,,,kinda solid," "
ID85,"Kasumi, Mr Frostbyte, Vesper, Capsule",Dog Days Are Over,Florence + the Machine,https://youtu.be/PGrx6etMl0w,https://youtu.be/PGrx6etMl0w,,,,quite neat,,,,the drums grew on me and the key change has some charm,,,,not the Clairo song I would have picked,forgettable,,kinda forgettable,,"not bad, not great, the harmonies are a bit safe",the vocals are flawless but the key change is fun,,,,,,,,,,,,,,the pre-chorus is actively annoying and the drums are rough," "
ID86,Haddock,Pon de Replay,Rihanna,https://youtu.be/oEauWw9ZGrA,https://youtu.be/oEauWw9ZGrA,,,,the hook doesn't do much for me,,,,"instant add to my playlist, the production never gets old",,,,,,,kinda repetitive,,,,,,,,production goes hard,,,,,,,,,the mix grew on me," "
ID87,Capsule,LOYALTY.,"Rihanna, Kendrick Lamar",https://youtu.be/Dlh-dzB2U4Y,https://youtu.be/Dlh-dzB2U4Y,,,,kinda alright,,,,the intro hits every time,"no strong feelings either way, the chorus is okay",,,,decent hook,,too repetitive,,,,,,,great energy start to finish,,,,,,,,,why the flow,the intro is painful," "
ID88,LilacLounge,Maybe It's Time,Bradley Cooper,,,,,,weak beat,,,,the backing vocals are hard to sit through,,,,,,,the key change falls flat,,,,,,,the synths are nice but the outro is just there,,,,,,,,,,mid backing vocals," "
ID89,vinnyk914,Complicated,Avril Lavigne,https://youtu.be/pjrBPHjCiuI,https://youtu.be/pjrBPHjCiuI,,,,the harmonies blend into the background and the synths are inoffensive,why the bassline,,,,the second verse goes on too long but the bridge is better than I expected. Honestly the pre-chorus feels dated.,,,,,,the outro is messy but the bassline grew on me,,,,,,,the key change never quite takes off,,,,,,,,,,the synths are actively annoying but the lyrics are pretty standard," "
,,,,,,,,,,,,,,,,,,,,,,,,,,,,,,,,,,,,,,
,,,,,Individual Comment Rate,0%,0%,0%,99%,4%,0%,0%,97%,2%,13%,2%,31%,28%,2%,100%,2%,15%,9%,0%,0%,1%,11%,1%,3%,0%,20%,1%,0%,10%,0%,26%,100%,
,,,,,,,,,,,,,,,,,,,,,,,,,,,,,,,,,,,,,,
,,,,,Total Comment Rate,18%,,,,,,,,,,,,,,,,,,,,,,,,,,,,,,,,
