Taste Comparison,,,,,,,,,,,,,,,,,,,,,,,,,,,,,,
• Uses the Correlation function in Google Sheets (Pearson Correlation Coefficient),,,,,,,,,,,,,,,,,,,,,,,,,,,,,,
• Greater focus on ranking order rather than the absolute difference,,,,,,,,,,,,,,,,,,,,,,,,,,,,,,
• Range is 1.0 (Similar) to -1.0 (Different),,,,,,,,,,,,,,,,,,,,,,,,,,,,,,
,,,,,,,,,,,,,,,,,,,,,,,,,,,,,,
Average,marcopolo,Fizzy04,LilacLounge,Haddock,NeonSpecter,RB Gadgets,Ivo,Oona,Castellan,Kasumi,Bouncy,tommyright,Rae,Miro,ChainFox,PatPat,Solenne,Mr Frostbyte,Vesper,XxTengu,Capsule,Cobalt,OrinMagnus,Kenji Arai,oct,lazr,vinnyk914,Righto,wuw,Theo
marcopolo,1.00,0.41,-0.05,0.23,0.22,0.27,0.02,0.31,0.47,0.30,0.35,0.41,0.20,0.40,-0.12,0.33,0.49,0.24,-0.11,0.44,0.29,0.16,0.15,0.18,0.26,0.43,0.23,0.29,0.22,0.48
Fizzy04,0.41,1.00,0.11,0.27,0.40,-0.01,0.03,0.27,0.47,0.39,0.02,0.59,0.39,0.50,-0.12,0.56,0.61,0.18,-0.11,0.41,0.33,0.09,0.16,0.29,0.38,0.45,0.37,0.52,0.28,0.66
LilacLounge,-0.05,0.11,1.00,-0.12,-0.06,0.01,-0.08,-0.03,-0.02,-0.21,0.13,-0.01,0.18,0.21,0.03,0.17,0.26,0.21,0.56,0.18,0.15,0.19,0.08,0.17,0.00,-0.03,0.35,-0.18,0.11,0.03
Haddock,0.23,0.27,-0.12,1.00,0.42,0.21,0.22,0.37,0.51,0.38,0.11,0.36,0.31,0.21,0.02,0.24,0.37,0.15,0.16,0.46,0.33,0.15,0.40,0.18,0.32,0.42,0.18,0.22,0.28,0.49
NeonSpecter,0.22,0.40,-0.06,0.42,1.00,0.14,0.34,0.51,0.50,0.56,0.13,0.29,0.21,0.32,0.03,0.36,0.44,0.32,0.02,0.40,0.32,0.27,0.18,0.16,0.22,0.45,0.18,0.55,0.48,0.51
RB Gadgets,0.27,-0.01,0.01,0.21,0.14,1.00,0.02,0.12,0.32,0.16,0.04,0.12,0.15,0.29,0.31,0.26,0.30,0.38,0.23,0.34,0.31,0.19,0.39,0.09,0.12,0.13,0.13,0.04,0.29,0.10
Ivo,0.02,0.03,-0.08,0.22,0.34,0.02,1.00,0.29,0.11,0.32,0.01,0.04,0.09,0.07,0.19,0.14,0.14,0.11,0.10,0.31,0.10,0.11,0.21,0.12,0.12,0.11,0.17,0.21,0.12,0.09
Oona,0.31,0.27,-0.03,0.37,0.51,0.12,0.29,1.00,0.45,0.49,0.21,0.26,0.34,0.34,-0.02,0.24,0.44,0.48,0.10,0.57,0.39,0.10,0.26,0.16,0.19,0.50,0.26,0.40,0.49,0.34
Castellan,0.47,0.47,-0.02,0.51,0.50,0.32,0.11,0.45,1.00,0.52,0.11,0.39,0.27,0.39,-0.06,0.37,0.55,0.40,0.06,0.50,0.45,0.07,0.29,0.20,0.37,0.44,0.22,0.44,0.49,0.60
Kasumi,0.30,0.39,-0.21,0.38,0.56,0.16,0.32,0.49,0.52,1.00,0.05,0.25,0.28,0.29,0.05,0.32,0.41,0.23,-0.17,0.44,0.38,-0.01,0.22,0.23,0.40,0.43,0.16,0.41,0.43,0.43
Bouncy,0.35,0.02,0.13,0.11,0.13,0.04,0.01,0.21,0.11,0.05,1.00,0.18,-0.02,-0.01,-0.12,-0.01,0.20,0.08,0.03,0.26,0.17,0.14,-0.09,0.08,-0.10,0.11,0.07,0.19,0.36,0.23
tommyright,0.41,0.59,-0.01,0.36,0.29,0.12,0.04,0.26,0.39,0.25,0.18,1.00,0.32,0.48,-0.11,0.52,0.64,0.18,-0.08,0.42,0.38,0.19,0.27,0.43,0.34,0.25,0.32,0.32,0.24,0.48
Rae,0.20,0.39,0.18,0.31,0.21,0.15,0.09,0.34,0.27,0.28,-0.02,0.32,1.00,0.42,0.11,0.29,0.35,0.37,0.05,0.32,0.48,0.23,0.37,0.21,0.31,0.39,0.26,0.19,0.27,0.35
Miro,0.40,0.50,0.21,0.21,0.32,0.29,0.07,0.34,0.39,0.29,-0.01,0.48,0.42,1.00,0.10,0.47,0.60,0.33,0.08,0.50,0.27,0.21,0.37,0.31,0.37,0.33,0.42,0.34,0.40,0.44
ChainFox,-0.12,-0.12,0.03,0.02,0.03,0.31,0.19,-0.02,-0.06,0.05,-0.12,-0.11,0.11,0.10,1.00,-0.12,-0.01,0.10,0.15,0.15,0.01,0.09,0.17,-0.01,0.08,-0.05,-0.08,-0.15,0.09,-0.19
PatPat,0.33,0.56,0.17,0.24,0.36,0.26,0.14,0.24,0.37,0.32,-0.01,0.52,0.29,0.47,-0.12,1.00,0.55,0.29,0.09,0.47,0.33,0.26,0.25,0.44,0.30,0.29,0.41,0.37,0.28,0.47
Solenne,0.49,0.61,0.26,0.37,0.44,0.30,0.14,0.44,0.55,0.41,0.20,0.64,0.35,0.60,-0.01,0.55,1.00,0.30,0.21,0.66,0.44,0.32,0.32,0.36,0.49,0.47,0.44,0.44,0.42,0.64
Mr Frostbyte,0.24,0.18,0.21,0.15,0.32,0.38,0.11,0.48,0.40,0.23,0.08,0.18,0.37,0.33,0.10,0.29,0.30,1.00,0.16,0.37,0.35,0.24,0.26,0.24,0.13,0.16,0.33,0.08,0.32,0.16
Vesper,-0.11,-0.11,0.56,0.16,0.02,0.23,0.10,0.10,0.06,-0.17,0.03,-0.08,0.05,0.08,0.15,0.09,0.21,0.16,1.00,0.25,0.15,0.25,0.24,-0.12,0.03,0.00,0.23,-0.25,0.16,0.03
XxTengu,0.44,0.41,0.18,0.46,0.40,0.34,0.31,0.57,0.50,0.44,0.26,0.42,0.32,0.50,0.15,0.47,0.66,0.37,0.25,1.00,0.50,0.21,0.36,0.33,0.39,0.43,0.41,0.43,0.57,0.50
Capsule,0.29,0.33,0.15,0.33,0.32,0.31,0.10,0.39,0.45,0.38,0.17,0.38,0.48,0.27,0.01,0.33,0.44,0.35,0.15,0.50,1.00,0.31,0.27,0.22,0.40,0.29,0.29,0.16,0.35,0.37
Cobalt,0.16,0.09,0.19,0.15,0.27,0.19,0.11,0.10,0.07,-0.01,0.14,0.19,0.23,0.21,0.09,0.26,0.32,0.24,0.25,0.21,0.31,1.00,0.35,0.02,0.05,0.14,0.41,0.14,0.14,0.17
OrinMagnus,0.15,0.16,0.08,0.40,0.18,0.39,0.21,0.26,0.29,0.22,-0.09,0.27,0.37,0.37,0.17,0.25,0.32,0.26,0.24,0.36,0.27,0.35,1.00,0.29,0.12,0.21,0.29,0.15,0.12,0.27
Kenji Arai,0.18,0.29,0.17,0.18,0.16,0.09,0.12,0.16,0.20,0.23,0.08,0.43,0.21,0.31,-0.01,0.44,0.36,0.24,-0.12,0.33,0.22,0.02,0.29,1.00,0.23,0.04,0.22,0.20,0.06,0.18
oct,0.26,0.38,0.00,0.32,0.22,0.12,0.12,0.19,0.37,0.40,-0.10,0.34,0.31,0.37,0.08,0.30,0.49,0.13,0.03,0.39,0.40,0.05,0.12,0.23,1.00,0.21,0.12,0.22,0.18,0.49
lazr,0.43,0.45,-0.03,0.42,0.45,0.13,0.11,0.50,0.44,0.43,0.11,0.25,0.39,0.33,-0.05,0.29,0.47,0.16,0.00,0.43,0.29,0.14,0.21,0.04,0.21,1.00,0.15,0.42,0.43,0.52
vinnyk914,0.23,0.37,0.35,0.18,0.18,0.13,0.17,0.26,0.22,0.16,0.07,0.32,0.26,0.42,-0.08,0.41,0.44,0.33,0.23,0.41,0.29,0.41,0.29,0.22,0.12,0.15,1.00,0.14,0.16,0.32
Righto,0.29,0.52,-0.18,0.22,0.55,0.04,0.21,0.40,0.44,0.41,0.19,0.32,0.19,0.34,-0.15,0.37,0.44,0.08,-0.25,0.43,0.16,0.14,0.15,0.20,0.22,0.42,0.14,1.00,0.40,0.52
wuw,0.22,0.28,0.11,0.28,0.48,0.29,0.12,0.49,0.49,0.43,0.36,0.24,0.27,0.40,0.09,0.28,0.42,0.32,0.16,0.57,0.35,0.14,0.12,0.06,0.18,0.43,0.16,0.40,1.00,0.40
Theo,0.48,0.66,0.03,0.49,0.51,0.10,0.09,0.34,0.60,0.43,0.23,0.48,0.35,0.44,-0.19,0.47,0.64,0.16,0.03,0.50,0.37,0.17,0.27,0.18,0.49,0.52,0.32,0.52,0.40,1.00
,,,,,,,,,,,,,,,,,,,,,,,,,,,,,,
,"   Sorted (Blue)",,,"   Comparison (Red)",,,Score Comparison,,,,,,,,,,,,,,,,,,,,,,,
,Fizzy04,,,Average,,,,,,,,,,,,,,,,,,,,,,,,,,
