,Data Analysis,,,,,,,,,,,,,,,,,
,,,,,,,,,,,,,,,,,,
,Taste Representative,Correlation to Final Avg,,Most Clairvoyant,Absolute Diff from Final Avg,,Biggest Hater,Number of Reds,,Biggest Lover,Number of Greens,,Nominator Dominator,Average Rank of Noms,,# of Noms,Song,Artist
,,,,,,,,,,,,,,,,,,
👑,Fizzy04,0.727,👑,XxTengu,77.87,👑,ChainFox,25,👑,Mochi Tanaka,15,👑,lazr,15.7,,8,Kill Bill,SZA
,Quin,0.707,,Bram,79.37,,wuw,20,,Zesty,14,,Desmond,17.5,,4,Lover,Taylor Swift
,Solenne,0.662,,Solenne,85.43,,Zesty,19,,Ivo,13,,marcopolo,21.8,,4,FEAR.,Kendrick Lamar
,Righto,0.607,,Cobalt,86.40,,Haddock,15,,RB Gadgets,11,,PatPat,28.2,,4,Your Love,Nicki Minaj
,Castellan,0.589,,Capsule,99.78,,Desmond,14,,Miro,10,,Righto,30.7,,3,Express Yourself,Madonna
,Miro,0.587,,PatPat,99.93,,PistachioPete,12,,Oona,10,,Quin,32.6,,3,Con Altura,Rosalía
,XxTengu,0.577,,NeonSpecter,101.04,,Kenji Arai,8,,Theo,9,,wuw,32.7,,3,willow,Taylor Swift
,Oona,0.568,,Righto,102.96,,Ivo,7,,NoFreeLunch,9,,Mr Frostbyte,33.4,,3,evermore,"Taylor Swift, Bon Iver"
,Zesty,0.544,,vinnyk914,103.22,,lazr,7,,Castellan,9,,NoFreeLunch,34.0,,3,Risk,Gracie Abrams
,Kenji Arai,0.526,,oct,110.54,,Vesper,6,,oct,8,,oct,34.2,,3,ELEMENT.,Kendrick Lamar
,tommyright,0.500,,NoFreeLunch,110.63,,Kasumi,4,,Vesper,8,,Bram,35.2,,3,Green Light,Lorde
,wuw,0.500,,Miro,116.07,,tommyright,4,,Haddock,8,,RB Gadgets,36.0,,3,Your Love Is My Drug,Kesha
,Theo,0.498,,Kenji Arai,118.10,,RB Gadgets,3,,Capsule,7,,Solenne,37.3,,3,California Gurls,Katy Perry
,PatPat,0.495,,tommyright,119.99,,Theo,3,,PistachioPete,7,,tommyright,37.3,,3,Pink Venom,BLACKPINK
,Capsule,0.489,,Oona,120.37,,marcopolo,2,,lazr,6,,ChainFox,46.0,,3,Forever Young,BLACKPINK
,marcopolo,0.489,,Castellan,120.46,,Quin,2,,Kasumi,6,,Miro,46.8,,3,Mantra,Jennie
,NoFreeLunch,0.487,,Quin,121.16,,Fizzy04,2,,Quin,6,,Fizzy04,48.8,,3,Hold Up,Beyoncé
,oct,0.458,,LilacLounge,122.57,,Miro,2,,tommyright,5,,Haddock,49.0,,,,
,NeonSpecter,0.449,,Fizzy04,123.37,,oct,2,,LilacLounge,4,,PistachioPete,49.5,,,,
,Haddock,0.407,,Mr Frostbyte,126.57,,LilacLounge,1,,marcopolo,4,,Kasumi,51.7,,,,
,Kasumi,0.390,,marcopolo,127.57,,Oona,1,,vinnyk914,3,,Ivo,55.0,,,,
,Mr Frostbyte,0.387,,RB Gadgets,131.37,,PatPat,1,,Mr Frostbyte,3,,NeonSpecter,57.8,,,,
,lazr,0.368,,Kasumi,131.84,,NoFreeLunch,1,,PatPat,3,,Vesper,62.7,,,,
,Mochi Tanaka,0.347,,Theo,141.43,,vinnyk914,1,,Fizzy04,3,,Cobalt,63.7,,,,
,Bram,0.339,,Mochi Tanaka,145.37,,Righto,1,,Righto,2,,Mochi Tanaka,64.2,,,,
,PistachioPete,0.311,,lazr,146.13,,NeonSpecter,0,,Bram,2,,Capsule,67.3,,,,
,Desmond,0.305,,Vesper,153.34,,Castellan,0,,Cobalt,2,,Theo,71.8,,,,
,ChainFox,0.302,,Ivo,162.43,,Solenne,0,,Solenne,2,,vinnyk914,80.7,,,,
,Cobalt,0.260,,PistachioPete,175.81,,Mr Frostbyte,0,,Kenji Arai,1,,LilacLounge,86.5,,,,
,Ivo,0.227,,Desmond,186.22,,XxTengu,0,,XxTengu,1,,XxTengu,-,,,,
,RB Gadgets,0.203,,Haddock,188.87,,Mochi Tanaka,0,,NeonSpecter,1,,Kenji Arai,-,,,,
,vinnyk914,0.164,,ChainFox,196.69,,Capsule,0,,wuw,0,,Oona,-,,,,
,Vesper,-0.015,,Zesty,214.84,,Cobalt,0,,ChainFox,0,,Castellan,-,,,,
,LilacLounge,-0.111,,wuw,223.93,,Bram,0,,Desmond,0,,Zesty,-,,,,
,,,,,,,,,,,,,,,,,,
,,,,,,,,,,,,,Bouncy,74.5,,,,
,,,,,,,,,,,,,Rae,70.4,,,,
,,,,,,,,,,,,,Hushh,42.8,,,,
